Workbook

Sheet Qdataupdate
A1: DATE | B1: DAY | C1: S39 | D1: G94A | E1: G94B | F1: G94C | G1: ACME2 | H1: ACME1 | I1: S362 | J1: G300 | K1: S5AS | L1: S5A | M1: G301 | N1: G310 | O1: G251 | P1: S6 | Q1: G338 | R1: S10E | S1: S10D | T1: S10C | U1: S10A
A2: 39995 | B2: 5296 | C2: 0 | D2: 0 | E2: 0 | F2: 0 | G2: 0 | H2: 0 | I2: 577164.3 | J2: 0 | K2: 0 | L2: 0 | M2: 0 | N2: 4782519.4 | O2: 0 | P2: 0 | Q2: 0 | R2: 0 | S2: -2280208.4 | T2: -2297334.4 | U2: -2275315.3
A3: 39996 | B3: 5297 | C3: 0 | D3: 0 | E3: 0 | F3: 0 | G3: 0 | H3: 0 | I3: 2105975.5 | J3: 22.01918 | K3: 0 | L3: 0 | M3: 0 | N3: 5657087 | O3: 39588.039 | P3: 0 | Q3: 0 | R3: 0 | S3: -2280208.4 | T3: -2267975.5 | U3: -2221490.6
A4: 39997 | B4: 5298 | C4: 0 | D4: 0 | E4: 0 | F4: 0 | G4: 0 | H4: 0 | I4: 900476.81 | J4: 0 | K4: 0 | L4: 0 | M4: 0 | N4: 6381975.5 | O4: 337098.97 | P4: 0 | Q4: 0 | R4: 0 | S4: -2299781 | T4: -2223937.2 | U4: -2201918
A5: 39998 | B5: 5299 | C5: -109760.72 | D5: 0 | E5: 0 | F5: 0 | G5: 0 | H5: 0 | I5: 355127.78 | J5: 0 | K5: 0 | L5: 0 | M5: 0 | N5: 6086333.8 | O5: 18373.782 | P5: 0 | Q5: 0 | R5: 0 | S5: -2314460.5 | T5: -2194578.3 | U5: -2192131.7
A6: 39999 | B6: 5300 | C6: -316271.27 | D6: 0 | E6: 0 | F6: 0 | G6: 0 | H6: 0 | I6: 348615 | J6: 0 | K6: 0 | L6: 0 | M6: 0 | N6: 4315446.1 | O6: 0 | P6: 0 | Q6: 0 | R6: 0 | S6: -2324246.8 | T6: -2204364.6 | U6: -2187238.5
A7: 40000 | B7: 5301 | C7: -109095.25 | D7: 0 | E7: 0 | F7: 0 | G7: 0 | H7: 0 | I7: 172657.28 | J7: 0 | K7: 0 | L7: 0 | M7: 0 | N7: 2538065.2 | O7: 0 | P7: 0 | Q7: 0 | R7: 0 | S7: -2304674.2 | T7: -2197024.8 | U7: -2172559.1
A8: 40001 | B8: 5302 | C8: -149008.68 | D8: 0 | E8: 0 | F8: 0 | G8: 0 | H8: 0 | I8: 202121.39 | J8: 0 | K8: 0 | L8: 0 | M8: 0 | N8: 1919761.8 | O8: 0 | P8: 0 | Q8: 0 | R8: 0 | S8: -2267975.5 | T8: -2189685.1 | U8: -2145646.8
A9: 40002 | B9: 5303 | C9: -190289.75 | D9: 0 | E9: 0 | F9: 0 | G9: 0 | H9: 0 | I9: 0 | J9: 0 | K9: 0 | L9: 0 | M9: 0 | N9: 808510.03 | O9: 0 | P9: 0 | Q9: 0 | R9: 0 | S9: 0 | T9: 0 | U9: 0
A10: 40003 | B10: 5304 | C10: -165535.3 | D10: 0 | E10: 0 | F10: 0 | G10: 0 | H10: 0 | I10: 354716.76 | J10: 0 | K10: 0 | L10: 0 | M10: 0 | N10: 635189.73 | O10: 0 | P10: 0 | Q10: 0 | R10: 0 | S10: 0 | T10: 0 | U10: 0
A11: 40004 | B11: 5305 | C11: -155981.42 | D11: 0 | E11: 0 | F11: 0 | G11: 0 | H11: 0 | I11: 57494.525 | J11: 0 | K11: 0 | L11: 0 | M11: 0 | N11: 446089.01 | O11: 223741.78 | P11: 0 | Q11: 0 | R11: 0 | S11: 0 | T11: 0 | U11: 0
A12: 40005 | B12: 5306 | C12: -147420.86 | D12: 0 | E12: 0 | F12: 0 | G12: 0 | H12: 0 | I12: 0 | J12: 0 | K12: 0 | L12: 0 | M12: 0 | N12: 447569.19 | O12: 271188.22 | P12: 0 | Q12: 0 | R12: 0 | S12: 0 | T12: 0 | U12: 0
A13: 40006 | B13: 5307 | C13: -480446.27 | D13: 0 | E13: 0 | F13: 0 | G13: 0 | H13: 0 | I13: 94056.15 | J13: 0 | K13: 0 | L13: 0 | M13: 0 | N13: 451417.65 | O13: 289378.51 | P13: 0 | Q13: 0 | R13: 0 | S13: 0 | T13: 0 | U13: 0
... A5845: 45838 | B5845: 11139 | C5845: -26508.646 | D5845: 0 | E5845: 0 | F5845: 0 | G5845: 0 | H5845: 0 | I5845: 39502.409 | J5845: 0 | K5845: 0 | L5845: 0 | M5845: 0 | N5845: 176623.18 | O5845: 0 | P5845: 0 | Q5845: 0 | R5845: 0 | S5845: 0 | T5845: 0 | U5845: 0

Sheet QCFS
A1: DATE | B1: DAY | C1: S39 | D1: G94A | E1: G94B | F1: G94C | G1: ACME2 | H1: ACME1 | I1: S362 | J1: G300 | K1: S5AS | L1: S5A | M1: G301 | N1: G310 | O1: G251 | P1: S6 | Q1: G338 | R1: S10E | S1: S10D | T1: S10C | U1: S10A
A2: 39995 | B2: =Qdataupdate!B2/2446.575546 -> 2.1646583 | C2: =Qdataupdate!C2/2446.575546 -> 0 | D2: =Qdataupdate!D2/2446.575546 -> 0 | E2: =Qdataupdate!E2/2446.575546 -> 0 | F2: =Qdataupdate!F2/2446.575546 -> 0 | G2: =Qdataupdate!G2/2446.575546 -> 0 | H2: =Qdataupdate!H2/2446.575546 -> 0 | I2: =Qdataupdate!I2/2446.575546 -> 235.907 | ... U2: =Qdataupdate!U2/2446.575546 -> -930
A3: 39996 | B3: =Qdataupdate!B3/2446.575546 -> 2.165067 | C3: =Qdataupdate!C3/2446.575546 -> 0 | D3: =Qdataupdate!D3/2446.575546 -> 0 | E3: =Qdataupdate!E3/2446.575546 -> 0 | F3: =Qdataupdate!F3/2446.575546 -> 0 | G3: =Qdataupdate!G3/2446.575546 -> 0 | H3: =Qdataupdate!H3/2446.575546 -> 0 | I3: =Qdataupdate!I3/2446.575546 -> 860.785 | ... U3: =Qdataupdate!U3/2446.575546 -> -908
A4: 39997 | B4: =Qdataupdate!B4/2446.575546 -> 2.1654757 | C4: =Qdataupdate!C4/2446.575546 -> 0 | D4: =Qdataupdate!D4/2446.575546 -> 0 | E4: =Qdataupdate!E4/2446.575546 -> 0 | F4: =Qdataupdate!F4/2446.575546 -> 0 | G4: =Qdataupdate!G4/2446.575546 -> 0 | H4: =Qdataupdate!H4/2446.575546 -> 0 | I4: =Qdataupdate!I4/2446.575546 -> 368.056 | ... U4: =Qdataupdate!U4/2446.575546 -> -900
A5: 39998 | B5: =Qdataupdate!B5/2446.575546 -> 2.1658845 | C5: =Qdataupdate!C5/2446.575546 -> -44.863 | D5: =Qdataupdate!D5/2446.575546 -> 0 | E5: =Qdataupdate!E5/2446.575546 -> 0 | F5: =Qdataupdate!F5/2446.575546 -> 0 | G5: =Qdataupdate!G5/2446.575546 -> 0 | H5: =Qdataupdate!H5/2446.575546 -> 0 | I5: =Qdataupdate!I5/2446.575546 -> 145.153 | ... U5: =Qdataupdate!U5/2446.575546 -> -896
A6: 39999 | B6: =Qdataupdate!B6/2446.575546 -> 2.1662932 | C6: =Qdataupdate!C6/2446.575546 -> -129.271 | D6: =Qdataupdate!D6/2446.575546 -> 0 | E6: =Qdataupdate!E6/2446.575546 -> 0 | F6: =Qdataupdate!F6/2446.575546 -> 0 | G6: =Qdataupdate!G6/2446.575546 -> 0 | H6: =Qdataupdate!H6/2446.575546 -> 0 | I6: =Qdataupdate!I6/2446.575546 -> 142.491 | ... U6: =Qdataupdate!U6/2446.575546 -> -894
A7: 40000 | B7: =Qdataupdate!B7/2446.575546 -> 2.1667019 | C7: =Qdataupdate!C7/2446.575546 -> -44.591 | D7: =Qdataupdate!D7/2446.575546 -> 0 | E7: =Qdataupdate!E7/2446.575546 -> 0 | F7: =Qdataupdate!F7/2446.575546 -> 0 | G7: =Qdataupdate!G7/2446.575546 -> 0 | H7: =Qdataupdate!H7/2446.575546 -> 0 | I7: =Qdataupdate!I7/2446.575546 -> 70.571 | ... U7: =Qdataupdate!U7/2446.575546 -> -888
A8: 40001 | B8: =Qdataupdate!B8/2446.575546 -> 2.1671107 | C8: =Qdataupdate!C8/2446.575546 -> -60.905 | D8: =Qdataupdate!D8/2446.575546 -> 0 | E8: =Qdataupdate!E8/2446.575546 -> 0 | F8: =Qdataupdate!F8/2446.575546 -> 0 | G8: =Qdataupdate!G8/2446.575546 -> 0 | H8: =Qdataupdate!H8/2446.575546 -> 0 | I8: =Qdataupdate!I8/2446.575546 -> 82.614 | ... U8: =Qdataupdate!U8/2446.575546 -> -877
A9: 40002 | B9: =Qdataupdate!B9/2446.575546 -> 2.1675194 | C9: =Qdataupdate!C9/2446.575546 -> -77.778 | D9: =Qdataupdate!D9/2446.575546 -> 0 | E9: =Qdataupdate!E9/2446.575546 -> 0 | F9: =Qdataupdate!F9/2446.575546 -> 0 | G9: =Qdataupdate!G9/2446.575546 -> 0 | H9: =Qdataupdate!H9/2446.575546 -> 0 | I9: =Qdataupdate!I9/2446.575546 -> 0 | ... U9: =Qdataupdate!U9/2446.575546 -> 0
A10: 40003 | B10: =Qdataupdate!B10/2446.575546 -> 2.1679282 | C10: =Qdataupdate!C10/2446.575546 -> -67.66 | D10: =Qdataupdate!D10/2446.575546 -> 0 | E10: =Qdataupdate!E10/2446.575546 -> 0 | F10: =Qdataupdate!F10/2446.575546 -> 0 | G10: =Qdataupdate!G10/2446.575546 -> 0 | H10: =Qdataupdate!H10/2446.575546 -> 0 | I10: =Qdataupdate!I10/2446.575546 -> 144.985 | ... U10: =Qdataupdate!U10/2446.575546 -> 0
A11: 40004 | B11: =Qdataupdate!B11/2446.575546 -> 2.1683369 | C11: =Qdataupdate!C11/2446.575546 -> -63.755 | D11: =Qdataupdate!D11/2446.575546 -> 0 | E11: =Qdataupdate!E11/2446.575546 -> 0 | F11: =Qdataupdate!F11/2446.575546 -> 0 | G11: =Qdataupdate!G11/2446.575546 -> 0 | H11: =Qdataupdate!H11/2446.575546 -> 0 | I11: =Qdataupdate!I11/2446.575546 -> 23.5 | ... U11: =Qdataupdate!U11/2446.575546 -> 0
A12: 40005 | B12: =Qdataupdate!B12/2446.575546 -> 2.1687456 | C12: =Qdataupdate!C12/2446.575546 -> -60.256 | D12: =Qdataupdate!D12/2446.575546 -> 0 | E12: =Qdataupdate!E12/2446.575546 -> 0 | F12: =Qdataupdate!F12/2446.575546 -> 0 | G12: =Qdataupdate!G12/2446.575546 -> 0 | H12: =Qdataupdate!H12/2446.575546 -> 0 | I12: =Qdataupdate!I12/2446.575546 -> 0 | ... U12: =Qdataupdate!U12/2446.575546 -> 0
A13: 40006 | B13: =Qdataupdate!B13/2446.575546 -> 2.1691544 | C13: =Qdataupdate!C13/2446.575546 -> -196.375 | D13: =Qdataupdate!D13/2446.575546 -> 0 | E13: =Qdataupdate!E13/2446.575546 -> 0 | F13: =Qdataupdate!F13/2446.575546 -> 0 | G13: =Qdataupdate!G13/2446.575546 -> 0 | H13: =Qdataupdate!H13/2446.575546 -> 0 | I13: =Qdataupdate!I13/2446.575546 -> 38.444 | ... U13: =Qdataupdate!U13/2446.575546 -> 0
... A5845: 45838 | B5845: =Qdataupdate!B5845/2446.575546 -> 4.5528944 | C5845: =Qdataupdate!C5845/2446.575546 -> -10.835 | D5845: =Qdataupdate!D5845/2446.575546 -> 0 | E5845: =Qdataupdate!E5845/2446.575546 -> 0 | F5845: =Qdataupdate!F5845/2446.575546 -> 0 | G5845: =Qdataupdate!G5845/2446.575546 -> 0 | H5845: =Qdataupdate!H5845/2446.575546 -> 0 | I5845: =Qdataupdate!I5845/2446.575546 -> 16.146 | ... U5845: =Qdataupdate!U5845/2446.575546 -> 0
